url,product_name,product_code,sku,price,availability,product_quantity,description,status
https://globepestsolutions.com.au/weepa-protector-weep-hole-screen-pk20,Weepa Protector Weep Hole Screen (PK20),,,,Availability:In stockAdd to Wish List,,The Weepa Protector Weep Hole Screen (PK20) is a stylish weep hole insert designed for retrofitting into weep holes between 7mm and 17mm in width. Suitable for standard brick heights of 75mm with allo...,success
https://globepestsolutions.com.au/weepa-termite-protector-weep-hole-screen-pk20,Weepa Termite Protector Weep Hole Screen  (PK20),,,,Availability:In stockAdd to Wish List,,The Weepa Termite Protector Weep Hole Screen (PK20) is a new patented termite-resistant weep hole guard manufactured from bifenthrin infused plastic. Proven to deter termite entry through existing wee...,success
https://globepestsolutions.com.au/avisil-silicon-bird-spike-adhesive-310ml,Avisil Silicon Bird Spike Adhesive 310mL,,,,Availability:In stockAdd to Wish List,,"Avisil Silicon Bird Spike Adhesive is a unique clear adhesive to secure bird spikes onto building surfaces such as brick, concrete, stone, plaster, paint, stainless and galvanised steel, lead, copper,...",success
https://globepestsolutions.com.au/avifix-high-tack-bird-spike-adhesive,Avifix High Tack Bird Spike Adhesive,,,,Availability:In stockAdd to Wish List,,Avifix Adhesive for Bird Spikes is a specialist silicone neutral adhesive that can be used on damp surfaces designed for use with bird spikes on all usual building surfaces (including glass).Other sil...,success
https://globepestsolutions.com.au/avipoint-p20-wide-bird-spikes,Avipoint P20 Wide Bird Spikes,,,,Availability:In stockAdd to Wish List,,Avipoint P20 Wide Bird Spikes are made from high quality stainless steel spikes insert-moulded into UV stabilised polycarbonate base. Available by the metre.Avipoint P20 Wide Bird Spikes are designed ...,success
https://globepestsolutions.com.au/avipoint-p32-extra-wide-bird-spikes,Avipoint P32 Extra Wide Bird Spikes,,,,Availability:In stockAdd to Wish List,,Avipoint P32 Extra Wide Bird Spikes are made from high quality stainless steel spikes insert-moulded into UV stabilised polycarbonate base. Available by the metre.Avipoint P32 Extra Wide Bird Spikes a...,success
https://globepestsolutions.com.au/pco-bird-3-spike-15m,PCO Bird 3 Spike 15m,,,,Availability:In stockAdd to Wish List,,"Deter birds from specific areas with these professional, stainless steel bird deterrent spikes.There is 15m of bird spikes per box (30 x 50cm strips), with a 12.5cm top width span, reducing the area w...",success
https://globepestsolutions.com.au/scare-eye-balloon-bird-deterrent,,,,,,,,error: 404 Client Error: Not Found for url: https://globepestsolutions.com.au/scare-eye-balloon-bird-deterrent
https://globepestsolutions.com.au/scare-eye-balloon-bird-deterrent-3-pack,Scare Eye Balloon Bird Deterrent (3 Pack),,,,Availability:In stockAdd to Wish List,,"Keep pest birds at bay with the Scare-Eye Balloon, a proven and effective visual bird deterrent designed to frighten away nuisance birds from a wide range of environments. Whether you're protecting fr...",success
https://globepestsolutions.com.au/zipper-black-per-m,Zipper Black Per M,,,,Availability:In stockAdd to Wish List,,"Zipper installed directly on to bird netting to gain access to appliances such as light fixtures, AC/HVAC units, sprinklers etc.A single Pull Slider also required for each zip.",success
https://globepestsolutions.com.au/single-pull-slider-metal-for-zipper,Single Pull Slider Metal for Zipper,,,,Availability:In stockAdd to Wish List,,This is the pull slider fio the zipper. A zipper is required before installing the pull slider.,success
https://globepestsolutions.com.au/bird-free-optical-gel-15-pack,Bird Free Optical Gel Deterrent - 15 Pack,,,,Availability:In stockAdd to Wish List,,"Bird Free Optical Gel is a revolutionary bird repellent solution that consists of small, pre-loaded dishes filled with a firm, weather-resistant gel that is discreet and easy to install.Utilising a un...",success
https://globepestsolutions.com.au/bird-free-optical-gel-with-magnet-15-pack,Bird Free Optical Gel Deterrent with Magnet - 15  Pack,,,,Availability:In stockAdd to Wish List,,"Bird Free Optical Gel with Magnetic Base is a revolutionary bird repellent solution consisting of small, pre-loaded dishes with a magnetic base, filled with a firm, weather-resistant gel making it eas...",success
https://globepestsolutions.com.au/bird-free-sign-base-mounts-25-pack,Bird Free Sign Base Mounts (25 Pack),,,,Availability:In stockAdd to Wish List,,Bird Free Sign Base Mounts allow Bird Free Optical Gels to be securely fixed to thin material such as street and warning signs. These are supplied in bags of 25 mounts,success
https://globepestsolutions.com.au/bird-free-zip-tie-bases-100-pack,Bird Free Zip Tie Bases (100 Pack),,,,Availability:In stockAdd to Wish List,,"Bird Free Zip Tie Bases allow the gels to be securely fixed to almost any surface. They are the perfect solution for pipe work, tree branches, wire and cables and any other situation that is not flat....",success
https://globepestsolutions.com.au/b-g-1150-bulb-dust-r-insecticide-dust-applicator,B&G 1150 Bulb Dust-R Insecticide Dust Applicator,,,,Availability:In stockAdd to Wish List,,The B&G 1150 Bulb Dust-R Insecticide Dust Applicator is a hand duster that comes with 2 different sized tips to choose from when you apply insecticide dust in crevices and cracks.The B&G 1150 Bulb Dus...,success
https://globepestsolutions.com.au/b-g-n150-green-sprayer-5l,B&G N150 Green Sprayer 5L,,,,Availability:In stockAdd to Wish List,,"TheB&G N150 Green Sprayer 5Lis a high-performance spraying solution for pest control technicians looking for durability and precision in the field. Designed for use with natural products, common insec...",success
https://globepestsolutions.com.au/b-g-pf-267-pump-cylinder-5l-brass,B&G PF-267 Pump Cylinder 5L - Brass,,,,Availability:In stockAdd to Wish List,,B&G PF-267 Pump Cylinder 5L is a brass replacement part for B&G sprayers. Use this pump cylinder to replace a damaged cylinder and restore your sprayer pressure.,success
https://globepestsolutions.com.au/chilean-bee-veil-hood-string-type,Chilean Bee Veil Hood (String Type),,,,Availability:In stockAdd to Wish List,,This Chilean Bee Veil Hood (String Type) is a simple bee veil secured by a drawstring and is best combined with a King Gee-style overall with a collar to keep you protected on bee jobs.Simple design m...,success
https://globepestsolutions.com.au/birdwire-nylon-coated-100m,Bird Wire (Nylon Coated) 100m,,,,Availability:In stockAdd to Wish List,,Nylon Coated Bird Wire is a core component of the bird wire system.  The coated wire is suspended between bird wire posts to prevent large birds from landing. Bird wire is a low-profile bird deterrent...,success
https://globepestsolutions.com.au/bird-wire-nylon-coated-300m,Bird Wire (Nylon Coated) 300m,,,,Availability:In stockAdd to Wish List,,Nylon Coated Bird Wire is a core component of the bird wire system.  The coated wire is suspended between bird wire posts to prevent large birds from landing. Bird wire is a low-profile bird deterrent...,success
https://globepestsolutions.com.au/bird-post-stainless-steel-120mm-x-4mm-pk100,Bird Post Stainless Steel 120mm x 4mm (Pack of 100),,,,Availability:In stockAdd to Wish List,,Stainless steel bird posts are designed for use as part of a bird wire and post system to deter landing from feral pigeons.Key features and benefits of Stainless Steel Bird PostsComes in a pack of 100...,success
https://globepestsolutions.com.au/bird-post-stainless-steel-150mm-x-4mm-pk100,Bird Post Stainless Steel 150mm x 4mm (Pack of 100),,,,Availability:In stockAdd to Wish List,,Stainless steel bird posts are designed for use as part of a bird wire and post system to deter landing from feral pigeons.Key features and benefits of Stainless Steel Bird PostsComes in a pack of 100...,success
https://globepestsolutions.com.au/stick-on-plastic-base-grey-pk10,Stick on Plastic Base - Grey (PK10),,,,Availability:In stockAdd to Wish List,,"The Stick-on plastic bases support bird wire system and can be glued to any ledge surface. Posts that are 4mm are designed to be inserted into these Stick-on Bases.In order for the bases to be glued, ...",success
https://globepestsolutions.com.au/birdwire-standard-spring-stainless-steel-pk100,BirdWire Standard Spring Stainless Steel (Pack of 100),,,,Availability:In stockAdd to Wish List,,Bird wire Standard Spring is to be used for tensioning bird wire on the post and bird wire system. Standard Springs are installed at one end of each run of bird post and wire.Product specifications:Gu...,success
https://globepestsolutions.com.au/anchor-rivets-grey-25mm-pk100,Anchor Rivets Grey 25mm (PK100),,,,Availability:In stockAdd to Wish List,,Anchor Rivets are used with Split Pins to create an intermediate fixing for securing cable around the perimeter. They are also designed to hold Bird posts into drilled holes.Anchor Rivets should be ta...,success
https://globepestsolutions.com.au/bird-wire-crimps-nickel-plated-pk100,Bird Wire Crimps Nickel Plated (Pack of 100),,,,Availability:In stockAdd to Wish List,,"Bird wire crimps are used to secure the end of bird wire run. The bird wire is threaded through the crimp and then through the hole in the bird post, and back through the crimp.Product specifications:...",success
https://globepestsolutions.com.au/bird-wire-crimper-and-cutter-tool,Bird wire Crimper and Cutter Tool,,,,Availability:In stockAdd to Wish List,,A dual purpose easy to use tool designed for cutting bird wire and crimping the crimps. This multi-purpose tool is highly durable and high strength which is built to last.,success
https://globepestsolutions.com.au/bird-post-stainless-steel-95mm-x-4mm-pk100,Bird Post Stainless Steel 95mm x 4mm (Pack of 100),,,,Availability:In stockAdd to Wish List,,Stainless steel bird posts are designed for use as part of a bird wire and post system to deter landing from feral pigeons.Key features and benefits of Stainless Steel Bird PostsComes in a pack of 100...,success
https://globepestsolutions.com.au/beam-clamp-and-post-95mm-x-4mm-pk10,Beam Clamp and Post 95mm x 4mm (Pack of 10),,,,Availability:In stockAdd to Wish List,,Beam Clamp & Post is a tool designed for bird wire systems. Designed for clamping bird wire onto horizontal flanges of girders and beams. The Beam Clamp has a 21mm jaw which fits over flanges.These be...,success
https://globepestsolutions.com.au/bird-post-double-headed-130mm-x-4mm,Bird Post Double-Headed 130mm x 4mm,,,,Availability:In stockAdd to Wish List,,Larger sized bird posts for bird wire systems to protect against pigeons. The double headed bird post is designed for medium pressure infestation. These posts can be installed by knocking them intoAnc...,success
https://globepestsolutions.com.au/bird-post-double-headed-150mm-x-4mm-pk100,Bird Post Double-Headed 150mm x 4mm (Pack of 100),,,,Availability:In stockAdd to Wish List,,Bird posts for bird wire systems to protect against pigeons. The double headed bird post is designed for horizontal installations. The 150mm x 4mm Double-Headed post is ideal for use over smaller deli...,success
https://globepestsolutions.com.au/bird-post-stainless-steel-125mm-x-4mm-pk100,Bird Post Stainless Steel 125mm x 4mm (Pack of 100),,,,Availability:In stockAdd to Wish List,,Stainless steel bird posts are designed for use as part of a bird wire and post system to deter landing from feral pigeons.Key features and benefits of Stainless Steel Bird PostsComes in a pack of 100...,success
https://globepestsolutions.com.au/birdwire-micro-spring-pk100,BirdWire Micro Spring (Pack of 100),,,,Availability:In stockAdd to Wish List,,Bird wire Micro Spring is to be used for tensioning bird wire on the post and bird wire system. Micro Springs are installed at one end of each run of bird post and wire.Product specifications:Guage = ...,success
https://globepestsolutions.com.au/anthem-insecticide-granules,Anthem Insecticide Granules,,,,Availability:In stockAdd to Wish List,,"Anthem Insecticide Granule contains 0.5g/kg of Fipronil and is used for the control of Argentine stem weevil, mole crickets and ants in commercial and recreational turf and control of ants in external...",success
https://globepestsolutions.com.au/aqua-k-othrine-insecticide-space-spray-concentrate,Aqua-K-Othrine Insecticide Space-Spray Concentrate,,,,Availability:In stockAdd to Wish List,,"Aqua K-Othrine is a pyrethroid based insecticide concentrate for use as a space-spray for the control of adult mosquitoes, flies, stored product pests and American and German Cockroaches.Aqua K-Othrin...",success
https://globepestsolutions.com.au/biforce-granular-insecticide,Biforce Granular Insecticide,,,,Availability:In stockAdd to Wish List,,"Biforce Granular Insecticide is a convenient, ready to use contact residual granular insecticide for external control of ants, fleas and ticks in areas such as gardens, lawns, around BBQs and other ex...",success
https://globepestsolutions.com.au/biflex-aqua-max-insecticide-and-termiticide,Biflex Aqua Max Insecticide and Termiticide,,,,Availability:In stockAdd to Wish List,,"Biflex AquaMax is the first ever Professional Strength, multi-insecticide and termiticide. Effective on a wide range of common household pests and all termite species in Australia. The unique water ba...",success
https://globepestsolutions.com.au/biflex-mikron-insecticide,Biflex Mikron Insecticide,,,,Availability:In stockAdd to Wish List,,Biflex Mikron Insecticide provides lightning fast control and enduring residual protection from the powerful combination of two active ingredients in a cutting-edge microemulsion formulation. The uniq...,success
https://globepestsolutions.com.au/biforce-200sc-termiticide-and-insecticide,Biforce 200SC Termiticide and Insecticide,,,,Availability:In stockAdd to Wish List,,"Biforce 200SC Termiticide & Insecticide is a professional strength water-based termiticide designed specifically for pre and post construction management of termites in, around and under buildings and...",success
https://globepestsolutions.com.au/biforce-100sc-termiticide-and-insecticide,Biforce 100SC Termiticide and Insecticide,,,,Availability:In stockAdd to Wish List,,Biforce 100SC Termiticide & Insecticide is a water-based termiticide for pre and post construction management of termites inside and out and for general perimeter application of most crawling insects....,success
https://globepestsolutions.com.au/bioplus-biological-multi-purpose-cleaner-deodoriser-1l,BioPlus Biological Multi-Purpose Cleaner & Deodoriser 1L,,,,Availability:In stockAdd to Wish List,,"BioPlus Biological Cleaner is an advanced biological cleaning solution designed to tackle organic waste, dangerous bacteria, and unpleasant odours. This versatile, multi-purpose cleaner is perfect for...",success
https://globepestsolutions.com.au/boracol-100rh-building-materials-fungicide-20l,Boracol 100RH Building Materials Fungicide 20L,,,,Availability:In stockAdd to Wish List,,"Boracol 100RH Building Materials Fungicide is specially formulated for the management and prevention of mould, algae, fungus, lichen and moss on timber, stone, concrete, bricks and other porous masonr...",success
https://globepestsolutions.com.au/clear-out-plus-igr-dust-insecticide,Clear Out Plus IGR Dust Insecticide 8kg Bucket,,,,Availability:In stockAdd to Wish List,,ClearOut Plus IGR Dust Insecticide is a dual active dustable powder containing Permethrin and Pyriproxyfen for the control of adult and juvenile insects.ClearOut Plus IGR Dust Insecticide is formulate...,success
https://globepestsolutions.com.au/coopex-dust-insecticidal-dusting-powder,Coopex Dust Insecticidal Dusting Powder,,,,Availability:In stockAdd to Wish List,,"Coopex Dust Insecticidal Dusting Powder is a ready to use broad spectrum insecticide, registered for the control of cockroaches, ants, fleas, silverfish and bed bugs in and around domestic and industr...",success
https://globepestsolutions.com.au/detex-blox-with-lumitrack-rodent-monitoring-bait,Detex Blox with Lumitrack Rodent Monitoring Bait,,,,Availability:In stockAdd to Wish List,,DETEX with Lumitrack is a non-toxic rodent monitoring bait with a special additive that makes rodent droppings glow bright green under black light.DETEX with Lumitrack continues to be an indispensable...,success
https://globepestsolutions.com.au/ditrac-pellets-rodenticide,Ditrac Pellets Rodenticide 10kg,,,,Availability:In stockAdd to Wish List,,"Ditrac Rodenticide is an all-weather, single-dose, anticoagulant rodenticide in pellet form. Ditrac pellets are highly palatable for the control of rats and mice. Ditrac Rodenticide contains the power...",success
https://globepestsolutions.com.au/dragnet-dust-insecticidal-powder,Dragnet Dust Insecticidal Powder,,,,Availability:In stockAdd to Wish List,,"Dragnet Dust Insecticidal Powder is a 2% permethrin, broad-spectrum insecticide dust designed to reach into limited access areas. Its super-fine formulation gives excellent coverage and spread.Dragnet...",success
https://globepestsolutions.com.au/fipforce-hp-insecticide-and-termiticide-cfiphp-5,Fipforce HP Insecticide and Termiticide 5L,,,,Availability:In stockAdd to Wish List,,"Fipforce HP is a professional strength, highly effective, odourless, non-repellent insecticide providing long lasting control of termites. Fipforce HP is registered for the protection of structures fr...",success
https://globepestsolutions.com.au/fury-120-sc-insecticide-1l,Fury 120 SC Insecticide 1L,,,,Availability:In stockAdd to Wish List,,Fury 120 SC is a water based suspension concentrate (SC) formulation containing two well-known synthetic pyrethroids; bifenthrin (80g/L) and alpha-cypermethrin (40 g/L).Fury is formulated for the knoc...,success
https://globepestsolutions.com.au/maxforce-quantum-liquid-ant-bait-3-x-30g,Maxforce Quantum Liquid Ant Bait (3 x 30g Pack),,,,Availability:In stockAdd to Wish List,,"Maxforce Quantum Liquid Ant Bait is a viscous liquid ant bait containing active ingredient0.3g/L Imidacloprid. Ants take the bait back to the nest where the active ingredients kills the queen, workers...",success
https://globepestsolutions.com.au/racumin-mouse-and-rat-wax-blocks,Racumin Mouse and Rat Wax Blocks,,,,Availability:In stockAdd to Wish List,,Racumin Mouse and Rat Blocks are ready to use. It is an economical anticoagulant product which requires repeated feeding over several days by the rodents to achieve control. In this way rodents do not...,success
https://globepestsolutions.com.au/starycide-insect-growth-regulator-igr,,,,,,,,error: 404 Client Error: Not Found for url: https://globepestsolutions.com.au/starycide-insect-growth-regulator-igr
https://globepestsolutions.com.au/starrdust-pro-insecticidal-dust,Starrdust PRO Insecticidal Dust,,,,Availability:In stockAdd to Wish ListOnly%1left,,"Starrdust PRO is a ready-to-use, broad spectrum insecticide with a unique formulation. It controls a wide range of insect pests including cockroaches, silverfish, spiders, ants, fleas, carpet beetles,...",success
https://globepestsolutions.com.au/storm-soft-bait-rodenticide-5kg,Storm Soft Bait Rodenticide 5kg,,,,Availability:In stockAdd to Wish List,,"Storm® Soft Bait Rodenticide has been developed into a unique, high oil content, soft bait formulation for unsurpassed efficacy even in the most difficult to control situations. Unlike other soft bait...",success
https://globepestsolutions.com.au/storm-secure-wax-block-rodenticide,Storm Secure Wax Block Rodenticide 8kg,,,,Availability:In stockAdd to Wish List,,"Storm Secure is a second generation anticoagulant rodenticide. Only a very small amount is needed to kill a rat or mouse, and a lethal dose can be eaten in a single feed, providing fast and reliable c...",success
https://globepestsolutions.com.au/talon-xt-pro-rodenticide-wax-blocks-10kg,Talon XT PRO Rodenticide Wax Blocks 10kg,,,,Availability:In stockAdd to Wish List,,"Talon XT Pro Rodenticide Wax Blocks are a durable and effective rodenticide that sets the benchmark for rodent control, offering unparalleled performance against rats and mice in both damp and dry con...",success
https://globepestsolutions.com.au/talon-gt-pro-rodenticide-grain-block,Talon GT Pro Rodenticide Grain Block,,,,Availability:In stockAdd to Wish List,,Talon GT Pro Rodenticide Grain Bait Block is a single-feed rodenticide featuring the active ingredient brodifacoum.Talon® GT Pro Rodenticide Grain Bait Block is the latest innovation in the trusted Ta...,success
https://globepestsolutions.com.au/waspjet-pro-aerosol-spray-400g,WaspJet Pro Aerosol Spray 400g,,,,Availability:In stockAdd to Wish List,,"WaspJet Pro is an aerosol spray designed for the outdoor control of wasps in domestic, commercial and industrial areas. WaspJet Pro Aerosol Spray allows you to tackle wasp nests with confidence.The lo...",success
https://globepestsolutions.com.au/dynafog-hurricane-ultra-ii-ulv-fogger,Dynafog Hurricane Ultra II ULV Fogger,,,,Availability:In stockAdd to Wish List,,The Hurricane Ultra II ULV mister is an electric portable aerosol applicator that dispenses both oil and water-based products. The Hurricane Ultra II is ideal for use in spraying industrial and reside...,success
https://globepestsolutions.com.au/makita-24v-blower-ub1103,Makita 24V Blower UB1103,,,,Availability:In stockAdd to Wish List,,The Makita 24V Blower UB1103 is a lightweight and powerful blower for a wide range of cleaning and dusting applications.Features of the Makita 24V Blower UB1103Ergonomic handle with soft grip for incr...,success
https://globepestsolutions.com.au/single-dipped-pvc-gloves,Single Dipped PVC Gloves,,,,Availability:In stockAdd to Wish List,,"A pair of single-dipped PVC gloves with a cotton interlock liner. These gloves are 45cm in length and designed to reach elbow length to provide protection against oil, grease and chemicals.",success
https://globepestsolutions.com.au/wire-rope-2mm-galvanised-200m,Galvanised Wire Rope 2mm (200m Spool),,,,Availability:In stockAdd to Wish List,,"Galvanised Bird Wire Rope 2mm (200m Spool): Strong, Durable, and Multi-PurposeTheGalvanised Bird Wire Rope 2mm (200m Spool)is a versatile and durable solution designed for a wide range of pest control...",success
https://globepestsolutions.com.au/stainless-steel-wire-rope-2mm-x-200m,Stainless Steel Wire Rope 2mm (200m Spool),,,,Availability:In stockAdd to Wish List,,"Stainless Steel Wire Rope 2mm (200m Spool): Reliable, Flexible, and Versatile for Pest Control ApplicationsTheStainless Steel Wire Rope 2mm (200m Spool)is a professional-grade solution designed for pe...",success
https://globepestsolutions.com.au/hog-ring-stapler-p7-tool,Hog Ring Stapler P7 Tool,,,,Availability:In stockAdd to Wish List,,The Hog ring stapler is used to attach bird netting to the net cable with hog rings. Hog rings are also used to join net seams and install zips in nets.Features includeKey handtool for fixing the net ...,success
https://globepestsolutions.com.au/hog-ring-staples-galvanised-pk2500,Hog Ring Staples - Galvanised (PK2500),,,,Availability:In stockAdd to Wish List,,Hog rings are used to attach bird netting to the net cable. Hog rings can also used to join net seams and secure zips into the net. A P7 Hog ring tool is required.,success
https://globepestsolutions.com.au/hogring-staples-stainless-steel,Hog Ring Staples - Stainless Steel (Box of 2500),,,,Availability:In stockAdd to Wish List,,Hog rings are used to attach bird netting to the net cable. Hog rings can also used to join net seams and secure zips into the net. A P7 Hog ring tool is required.,success
https://globepestsolutions.com.au/aluminium-ferrule-2-5mm-pk100,Aluminium Ferrule 2.5mm (Pack of 100),,,,Availability:In stockAdd to Wish List,,Aluminium Ferrule 2.5mm is the perfect way to secure a 2mm Galvanised wire rope.To secure the Aluminium ferrule crimp the ferrules twice with the Pro Ratchet Crimping Tool to ensures that the rope rem...,success
https://globepestsolutions.com.au/ratchet-crimper-tool,Ratchet Crimper Tool,,,,Availability:In stockAdd to Wish List,,"TheRatchet Crimper Toolis a must-have for professionals seeking a reliable, heavy-duty tool for secure connections in bird netting installations. Specifically engineered for crimping2.5mm ferrules ont...",success
https://globepestsolutions.com.au/netbolt-galvanised-m8-pk10,Netbolt - Galvanised M8 (Pack of 10),,,,Availability:In stockAdd to Wish List,,"The Netbolt Galvanised M8 is a heavy-duty fixing solution for securing wire rope systems and bird netting in brick, concrete, and stone surfaces. Perfect for runs of wire greater than 10 meters betwee...",success
https://globepestsolutions.com.au/multi-use-cable-bracket-stainless-steel-pk100,Multi-Use Cable Bracket Stainless Steel (Pack of 100),,,,Availability:In stockAdd to Wish List,,The Multi-Purpose Cable Bracket is a versatile stainless steel bracket that is screwed into position. Wire rope can be threaded through the hole or supported over the ‘hook’. Barrel Strainers can be h...,success
https://globepestsolutions.com.au/angle-bracket-galvanised-pk100,Galvanised Angle Bracket (Pack of 100),,,,Availability:In stockAdd to Wish List,,"The Galvanised Angle Bracket is a robust and reliable solution for securely attaching wire rope to metal cladding. Each bracket is manufactured from 1.5mm thick galvanised steel, ensuring durability a...",success
https://globepestsolutions.com.au/beam-bolt-galvanised-pk10,Beam Bolt - Galvanised (Pack of 10),,,,Availability:In stockAdd to Wish List,,Beam Bolt is used as a corner fixing for attaching netting perimeter wire rope frameworks. This bolt is ideal for being attached to structure steelwork.This beam bolt requires 6.5mm hole to be drilled...,success
https://globepestsolutions.com.au/pro-angle-bracket-stainless-steel-pk100,Pro Angle Bracket - Stainless Steel (PK100),,,,Availability:In stockAdd to Wish List,,"Angle Brackets are Intermediate Fixings for Cladding, masonry or metal and are fixed in position using Self Drill Screws or Self Tap Screws.",success
https://globepestsolutions.com.au/netspike-galvanised-pk100,Netspike - Galvanised (Pack of 100),,,,Availability:In stockAdd to Wish List,,"Net spikes are an intermediate fixing for use in brick, concrete and stone. Ideal for installing or erecting bird netting.They are very discreet and no wall plug required.A 4.8mm diameter by 35mm deep...",success
https://globepestsolutions.com.au/pro-screwpin-stainless-steel-pk100,Pro Screwpin - Stainless Steel (Pack of 100),,,,Availability:In stockAdd to Wish List,,A discreet intermediate fixing that can be used for screwing into timber or masonry. Ideal for installing and erecting bird netting.,success
https://globepestsolutions.com.au/pro-beam-bolt-stainless-steel-pk10,Pro Beam Bolt Stainless Steel (Pack of 10),,,,Availability:In stockAdd to Wish List,,"The Pro Beam Bolt Stainless Steel is specifically designed for attaching netting perimeter wire rope frameworks to structural steelwork. Ideal for use on steel girders, building frameworks, and unders...",success
https://globepestsolutions.com.au/barrel-strainer-galvanised-m6-pk10,Barrel Strainer - Galvanised M6 (PK10),,,,Availability:In stockAdd to Wish List,,This Galvanised Barrel Strainer is a high-quality fixing tool to adjust the tension in wire rope assemblies when creating a netting frame. This Galvanised Barrel Strainer is are ideal when installing ...,success
https://globepestsolutions.com.au/barrel-strainer-stainless-steel-m6-pk4,Barrel Strainer - Stainless Steel M6 (PK4),,,,Availability:In stockAdd to Wish List,,This Stainless Steel Barrel Strainer is a high-quality fixing tool to adjust the tension in wire rope assemblies when creating a netting frame. This Stainless Steel Barrel Strainer is are ideal when i...,success
https://globepestsolutions.com.au/copper-ferrule-2-5mm-pk100,Copper Ferrule 2.5mm (Pack of 100),,,,Availability:In stockAdd to Wish List,,"TheCopper Ferrules 2.5mmare an essential accessory for securely fastening 2mm stainless steel wire rope. Designed for durability and ease of use, these ferrules provide a reliable solution for creatin...",success
https://globepestsolutions.com.au/agrisense-lo-line-cockroach-trap,AgriSense Lo-Line Cockroach Trap (Pack of 10 Traps),,,,Availability:In stockAdd to Wish List,,The AgriSense Lo-Line Cockroach Trap is a scientifically designed sticky cockroach trap with a low profile and angled entry ramps for large scale trapping of most species of cockroaches. The trap is s...,success
https://globepestsolutions.com.au/pco-insect-bait-station,PCO Insect Bait Station,,,,Availability:In stockAdd to Wish List,,"The PCO Insect Bait Station is designed to assist with the placement of insecticidal bait, particularly gel formulations.Features & Benefits of the PCO Insect Bait StationAdhesive spot on base for sim...",success
https://globepestsolutions.com.au/earth-care-odour-removing-bag,Earth Care Odour Removing Bag,,,,Availability:In stockAdd to Wish List,,"Earth Care Odour Removing Bags are used to remove unwanted odours such as dead rodent odours, urine and faeces odours, musty mildew odours, and cigarette smoke odour.Earth Care Odour Removing Bags do ...",success
https://globepestsolutions.com.au/stopodour-odour-remover-bag,StopOdour Odour Remover Bag,,,,Availability:In stockAdd to Wish List,,"StopOdour Odour Remover Bags help absorb unwanted smells like dead animal smells, urine and faeces odours. The odour remover bags absorb foul odours like a sponge and have no fragrance or cover-up. Th...",success
https://globepestsolutions.com.au/stopodours-odour-neutraliser-gel-pod,StopOdours Odour Neutraliser Gel Pod,,,,Availability:In stockAdd to Wish List,,"The StopOdours Odour Neutraliser Gel Pod contains natural essential oils designed to eliminate malodours. As used by professionals to remove malodors caused by pet urine, dead rodents, smoke and dampn...",success
https://globepestsolutions.com.au/snap-e-rat-trap,Snap E Rat Trap,,,,Availability:In stockAdd to Wish List,,"The Snap E Rat Trap is a durable spring-loaded rat trap designed to efficiently eliminate rodents.The Snap E Rat Trap can be set up using one simple motion, and the same motion provides no-touch dispo...",success
https://globepestsolutions.com.au/sx-mouse-bait-station-100-pack,SX Mouse Bait Station (100 Pack),,,,Availability:In stockAdd to Wish List,,The SX Mouse Bait Station is possibly the best value mouse bait box available in the market. These bait stations are manufactured with tough polypropylene and come with a secure lock to reduce access ...,success
https://globepestsolutions.com.au/snap-e-mouse-trap,Snap E Mouse Trap,,,,Availability:In stockAdd to Wish List,,"Mouse Trap is ideal for commercial and residential clients, offering pest managers easy use on the job. It sets in one motion which also provides ""no-touch"" disposal of the captured mouse. The Mouse T...",success
https://globepestsolutions.com.au/sx-rodent-station-key,SX Rodent Station Key,,,,Availability:In stockAdd to Wish List,,"The SX Rodent Station Key is a specially designed access key for quickly and securely opening SX Rodent Bait Stations, including models PAT219 and PAT229.Built for durability and ease of use, this key...",success
https://globepestsolutions.com.au/sx-clear-trap-in-a-box-rat-station,SX Clear Trap-In-A-Box Rat Station,,,,Availability:In stockAdd to Wish List,,"The SX Clear Trap-In-A-Box Rat Trap Station is a ready to use unit for trapping rats, pre-assembled with a Snap-E rat trap inside.SX Trap-in-a-Box features a pull cord allowing the trap to be set from...",success
https://globepestsolutions.com.au/storgard-dome-ultra-combi-quick-change-kit,Storgard Dome Ultra Combi Quick Change Kit,,,,Availability:In stockAdd to Wish List,,"The Storgard Dome Ultra Combi Quick Change monitoring system is a pre-baited, high-powered, and cost-effective method of detecting beetle activity at the earliest possible stages. It uses synthetic se...",success
https://globepestsolutions.com.au/storgard-dome-ultra-combi-refill-kit,Storgard Dome Ultra Combi Refill Kit (Pack of 6),,,,Availability:In stockAdd to Wish List,,"Pack of 6 refills for the Storgard Dome Ultra Combi Quick Change monitoring system.The Storgard Dome Ultra Combi Quick Change Kit monitoring systems for 30+ beetles is a pre-baited, high powered and c...",success
https://globepestsolutions.com.au/pestwest-cardboard-glue-boards-pk6,PestWest Cardboard Glue Boards (Pk6),,,,Availability:In stockAdd to Wish List,,PestWest Cardboard Glue Boards are premium quality glue board for the monitoring of flying insects within UV glue board fly trap units.These glue boards are non-toxic and will trap any unwanted insect...,success
https://globepestsolutions.com.au/multi-catch-mouse-trap,Multi Catch Mouse Trap,,,,Availability:In stockAdd to Wish List,,Heavy-gauge galvanized steel multi-catch mouse trap which is able to hold up to 30 mice before resetting.,success
https://globepestsolutions.com.au/multi-catch-mouse-trap-complete-with-2-mouse-snap-traps,Multi Catch Mouse Trap (complete with 2 Mouse Snap Traps),,,,Availability:In stockAdd to Wish List,,A high profile heavy-gauge galvanised steel multi-catch mouse trap which is able to hold up to 30 mice before resetting.This trap is deep enough to hold mouse traps and comes complete with 2 traps. Id...,success
https://globepestsolutions.com.au/gel-bait-applicator-gun,Gel Bait Applicator Gun,,,,Availability:In stockAdd to Wish List,,"Gel Bait Applicator Guns are designed to help you apply cockroach baits and ant baits with precision, efficacy and ease. Built with a robust and ergonomic design, this gel bait applicator gun is the i...",success
https://globepestsolutions.com.au/starkey-glue-boards-pk10,Starkey Glue Boards (Pk10),,,,Availability:In stockAdd to Wish List,,"Starkeys Glue Boards are designed for the monitoring of flying insects within UV fly trap units.The glue is totally UV protective and will not melt, run or drip under normal UV rays or heat.These non-...",success
https://globepestsolutions.com.au/shatterproof-15w-black-light-tube,Shatterproof 15W Black Light Tube,,,,Availability:In stockAdd to Wish List,,A replacement 15W shatterproof black light tube for use with electric fly zappers and glueboard units. This light tube features an optimised spectrum to attract bugs and houseflies.,success
https://globepestsolutions.com.au/protecta-lp-rtu-bait-station-key,Protecta LP/RTU Bait Station Key,,,,Availability:In stockAdd to Wish List,,"TheProtecta LP/RTU Bait Station Keyis designed to unlock a range of bait stations, including theProtecta Mouse Bait Station,Protecta Mouse RTU,Protecta LP Rat Bait Station, and theProtecta Landscape a...",success
https://globepestsolutions.com.au/protecta-evo-plastic-key,Protecta Evo Plastic Key for Rodent Bait Stations,,,,Availability:In stockAdd to Wish List,,The Protecta Evo Plastic Bait Station Key is designed to open and service Bell Laboratories' range of Protecta Shield Rodent Bait Stations quickly and securely.,success
https://globepestsolutions.com.au/sentricon-in-ground-ig-always-active-refill-termiticide-rod-150g,Sentricon In Ground (IG) Always Active Refill Termiticide Rod 150g,,,,Availability:In stockAdd to Wish List,,Sentricon In Ground (IG) Always Active Refill Termiticide Rods contain an insect growth regulator for the control of subterranean termites. It is for use in Sentricon in-ground stations that are insta...,success
https://globepestsolutions.com.au/sentricon-always-active-ready-to-install-rti-stations-carton-of-28,Sentricon Always Active Ready to Install (RTI) Stations - Carton of 28,,,,Availability:In stockAdd to Wish List,,A carton of Sentricon Always Active Ready-To-Install (RTI) Stations contains 28 units of Sentricon In-Ground Stations pre-assembled with Sentricon Always Active IG Termiticide Rods.Sentricon IG Termit...,success
https://globepestsolutions.com.au/protecta-evo-tunnel-rodent-bait-station,Protecta Evo Tunnel Rodent Bait Station,,,,Availability:In stockAdd to Wish List,,"The new PROTECTA® EVO® TUNNEL™ is an economical and versatile way to protect traps. PROTECTA EVO TUNNEL can be used indoors or outdoors, and can be secured to fences or pipes via cable ties in both th...",success
https://globepestsolutions.com.au/avishock-small-energiser,Avishock Small Energiser,,,,Availability:In stockAdd to Wish List,,Avishock Small Energiser powers up to approximately 2km of track/lead wire.Easily installed by plugging directly into a power socketDetachable lead with transformer plugSends a pulse of electricity do...,success
https://globepestsolutions.com.au/avishock-lead-wire-black,Avishock Lead Wire - Black,,,,Availability:In stockAdd to Wish List,,"Avishock Lead Wire - Black is 20m of heavy insulated, twisted copper used for connecting track to track and track to energiser.Key features and benefits of Avishock Lead WiresSupplied in 20m reelsHeav...",success
https://globepestsolutions.com.au/avishock-straight-connector-pk20,Avishock Straight Connector (Pk20),,,,Availability:In stockAdd to Wish List,,Avishock Straight Connectors are used to join straight runs of Avishock track. Each pack contains 20 connectors.Key features and benefits of the Avishock Straight ConnectorThe unique design of the con...,success
https://globepestsolutions.com.au/avishock-corner-connector-pk20,Avishock Corner Connector (Pk20),,,,Availability:In stockAdd to Wish List,,Used at corners to join Avishock tracks. Each pack contains 20 connectors.Key features and benefits of Avishock Corner ConnectorThe unique design of the connectors means that they can be fitted in jus...,success
https://globepestsolutions.com.au/emergency-spill-kit,Emergency Spill Kit,,,,Availability:In stockAdd to Wish List,,"The Emergency Spill Response Kit is a must-have addition to every pest controller's toolkit. Designed for quick response and peace of mind, this kit is your first line of defence against fuel, water-b...",success
https://globepestsolutions.com.au/a-frame-safety-sign-warning-approved-pesticide-in-use,A-Frame Safety Sign - Warning: Approved Pesticide in Use,,,,Availability:In stockAdd to Wish List,,"Enhance workplace safety with a high-visibility yellow A-Frame Safety sign. This durable and weather-resistant sign contains the message ""Warning: Approved Pesticide in Use. No Authorised Entry"" to en...",success
https://globepestsolutions.com.au/gunjet-30-spray-gun,Gunjet 30 Spray Gun,,,,Availability:In stockAdd to Wish List,,The Gunjet 30 Spray Gun has a maximum operating pressure of 1500 PSI and is ideal for all types of spraying. It is durable and designed for excellent corrosion resistance.The Gunjet 30 Spray Gun is ma...,success
https://globepestsolutions.com.au/gunjet-31-brass-spray-gun,Gunjet 31 Brass Spray Gun,,,,Availability:In stockAdd to Wish List,,The Gunjet 31 Brass Spray Gun operates with pressure up to 500 PSI and flow rates up to 19L/min. It has a 1/4 NPS (M) inlet connection for spray tips.This spray gun is made with a forged brass body an...,success
https://globepestsolutions.com.au/gunjet-43-brass-spray-gun,Gunjet 43 Brass Spray Gun,,,,Availability:In stockAdd to Wish List,,"The GunJet 43 Spray Gun is a pistol-style, multi purpose hand gun designed and built for heavy duty use.It features a stainless steel stem and spring, brass and Teflon valve, and has a maximum pressur...",success
https://globepestsolutions.com.au/trapper-t-rex-rat-trap,Trapper T-Rex Rat Trap,,,,Availability:In stockAdd to Wish List,,"Trapper T-Rex Rat Trap is a mechanical trap with interlocking teeth making escapes virtually impossible. Includes removable bait cup for convenience. With its ferocious grip, Trapper T-Rex Rat Trap gi...",success
https://globepestsolutions.com.au/trapper-mini-rex-mouse-trap,Trapper Mini-Rex Mouse Trap,,,,Availability:In stockAdd to Wish List,,The Trapper Mini-Rex Mouse Trap is a mechanical trap with interlocking teeth making escapes virtually impossible Includes removable bait cup for convenience.Key features and benefits of Trapper Mini-R...,success
https://globepestsolutions.com.au/slab-and-soil-injector-body-with-bent-top,Slab and Soil Injector Body with Bent Top,,,,Availability:In stockAdd to Wish List,,The Slab and Soil Injector Body is a stainless steel frame only and features a bent top. It is designed for use with a range of slab and soil injection extensions. No tips are included.The Slab and So...,success
https://globepestsolutions.com.au/halo-30-glueboard-fly-trap,Halo 30 Glueboard Fly Trap,,,,Availability:In stockAdd to Wish List,,"Halo 30 is a very versatile glueboard fly trap suitable for use across a range of commercial applications.All Halo insect units feature a light reflecting swing down front guard, simple glueboard repl...",success
https://globepestsolutions.com.au/halo-45-glueboard-fly-trap,Halo 45 Glueboard Fly Trap,,,,Availability:In stockAdd to Wish List,,"With a contemporary, discreet aesthetic and commercial efficacy, the second generation Halo 45 is the most versatile glueboard fly trap available for use across a range of commercial applications.Halo...",success
https://globepestsolutions.com.au/luralite-cento-glue-board-unit,Luralite Cento Glue Board Unit,,,,Availability:In stockAdd to Wish List,,"Developed as a highly effective but discreet solution for insect control, the Luralite Cento Glueboard Unit is ideal for use in restaurants, bars, cafes and other front of house applications.Key featu...",success
https://globepestsolutions.com.au/bobson-metered-aerosol-dispenser-ad-270m,Bobson Metered Aerosol Dispenser AD-270M,,,,Availability:In stockAdd to Wish List,,The Bobson Metered Aerosol Dispenser AD-270M is a fully programmable metered spray unit designed to be installed in enclosed areas to release bursts of pyrethrum spray at regular intervals to assist i...,success
